Workbook

Sheet Estudiantes
A1: Listado
A3: ID | B3: Nombre completo | C3: Compañero seleccionado | D3: Temática seleccionada
A4: E01 | B4: Andrés Camilo Vivas Baquero | C4: Johan Sebastián Beltrán Gutiérrez | D4: CrowdStrike Incident Hub
A5: E02 | B5: Cristian José González Rodríguez
A6: E03 | B6: Cristian Santiago Moreno Ruiz | C6: David Alejandro Contreras Delgado | D6: Ejecución remota segura
A7: E04 | B7: Daniel Julián Peña Bonilla | C7: Sergio Daniel Buitrago Suancha y Kevin Andrey Ángel Acevedo | D7: Ejecución remota segura
A8: E05 | B8: David Alejandro Contreras Delgado
A9: E06 | B9: Diego Fabián Andrade Durán | C9: Felipe Amador González | D9: CrowdStrike Incident Hub
A10: E07 | B10: Diego Fernando Chavarro Castillo | C10: Juan Pablo Caballero Castellanos | D10: CrowdStrike Incident Hub
A11: E09 | B11: Jeyder Nicolay León Lancheros | D11: CrowdStrike Incident Hub
A12: E10 | B12: Johan Sebastián Beltrán Gutiérrez | C12: Andrés Camilo Vivas Baquero | D12: CrowdStrike Incident Hub
A13: E11 | B13: José Luis Lancheros Ayora | C13: Juan David Gómez Cuellar | D13: CrowdStrike Incident Hub
A14: E12 | B14: Juan David Gómez Cuellar | C14: José Luis Lancheros Ayora | D14: CrowdStrike Incident Hub
A15: E13 | B15: Juan Pablo Caballero Castellanos | C15: Diego Fernando Chavarro Castillo | D15: CrowdStrike Incident Hub
A16: E14 | B16: Juan Pablo Vega Villamil | C16: Tomás Olaya Díaz | D16: Ejecución remota segura
A17: E15 | B17: Kevin Andrey Ángel Acevedo | C17: Sergio Daniel Buitrago Suancha y Daniel Peña Bonilla | D17: Ejecución remota segura
A18: E16 | B18: Mabel Fernanda Bernal Amaya | C18: Tomás Quiceno Ostos | D18: Ejecución remota segura
A19: E17 | B19: Nicolás David Prieto Ramos | C19: Hernan David Sanchez Alarcón | D19: Ejecución remota segura
A20: E18 | B20: Sergio Daniel Buitrago Suancha | C20: Kevin Andrey Ángel Acevedo y Daniel Peña Bonilla | D20: Ejecución remota segura
A21: E19 | B21: Tomás Olaya Díaz | C21: Juan Pablo Vega Villamil | D21: Ejecución remota segura
A22: E20 | B22: Tomás Quiceno Ostos | C22: Nicolás David Prieto Ramos | D22: Ejecución remota segura
A23: E21 | B23: Hernán David Sánchez | C23: Nicolás David Prieto Ramos | D23: Ejecución remota segura

Sheet Registro de grupos
A1: Selección Temática
A3: Grupo | B3: ID 1 | C3: Integrante 1 | D3: ID 2 | E3: Integrante 2 | F3: Temática | G3: Rol integrante 1 | H3: Rol integrante 2 | I3: Repositorio | J3: Estado
A4: G01 | B4: E03 | C4: =IFERROR(VLOOKUP(B4,Estudiantes!$A$4:$B$23,2,FALSE),"") -> Cristian Santiago Moreno Ruiz | D4: E05 | E4: =IFERROR(VLOOKUP(D4,Estudiantes!$A$4:$B$23,2,FALSE),"") -> David Alejandro Contreras Delgado | F4: Ejecución remota segura | G4: Red Team | H4: =IF(G4="Red Team","Blue Team",IF(G4="Blue Team","Red Team","")) -> Blue Team | I4: https://github.com/cristianmorenor/Laboratorio-3FDSI-2026-2.git | J4: =IF(OR(B4="",D4="",F4="",G4="",I4=""),"Pendiente",IF(B4=D4,"Error: mismo estudiante","Completo")) -> Completo
A5: G02 | B5: E14 | C5: Juan Pablo Vega Villmail | D5: E19 | E5: =IFERROR(VLOOKUP(D5,Estudiantes!$A$4:$B$23,2,FALSE),"") -> Tomás Olaya Díaz | F5: Ejecución remota segura | G5: Blue Team | H5: Red Team | I5: https://github.com/iAxstral/secured-remote-exe | J5: =IF(OR(B5="",D5="",F5="",G5="",I5=""),"Pendiente",IF(B5=D5,"Error: mismo estudiante","Completo")) -> Completo
A6: G03 | B6: E09 | C6: Jeyder Nicolay Leon Lancheros | F6: CrowdStrike Incident Hub | G6: Blue Team | H6: =IF(G6="Red Team","Blue Team",IF(G6="Blue Team","Red Team","")) -> Red Team | I6: https://github.com/Jeyder30/Lab03_FDSI_2L_Leon.git | J6: Completo
A7: G04 | B7: E12 | C7: =IFERROR(VLOOKUP(B7,Estudiantes!$A$4:$B$23,2,FALSE),"") -> Juan David Gómez Cuellar | D7: E11 | E7: =IFERROR(VLOOKUP(D7,Estudiantes!$A$4:$B$23,2,FALSE),"") -> José Luis Lancheros Ayora | F7: CrowdStrike Incident Hub | G7: Red Team | H7: =IF(G7="Red Team","Blue Team",IF(G7="Blue Team","Red Team","")) -> Blue Team | I7: https://github.com/Lanch3ros/fdsi-lab-3-lancheros-gomez.git | J7: =IF(OR(B7="",D7="",F7="",G7="",I7=""),"Pendiente",IF(B7=D7,"Error: mismo estudiante","Completo")) -> Completo
A8: G05 | B8: E07 | C8: =IFERROR(VLOOKUP(B8,Estudiantes!$A$4:$B$23,2,FALSE),"") -> Diego Fernando Chavarro Castillo | D8: E13 | E8: =IFERROR(VLOOKUP(D8,Estudiantes!$A$4:$B$23,2,FALSE),"") -> Juan Pablo Caballero Castellanos | F8: CrowdStrike Incident Hub | G8: Red Team | H8: =IF(G8="Red Team","Blue Team",IF(G8="Blue Team","Red Team","")) -> Blue Team | J8: =IF(OR(B8="",D8="",F8="",G8="",I8=""),"Pendiente",IF(B8=D8,"Error: mismo estudiante","Completo")) -> Pendiente
A9: G06 | B9: E15 | C9: kevin Andrey Angel Acevedo | D9: E18 | E9: Sergio Daniel Buitrago suancha | F9: Ejecución remota segura | G9: Blue Team | H9: =IF(G9="Red Team","Blue Team",IF(G9="Blue Team","Red Team","")) -> Red Team | I9: https://github.com/nivek2329/Lab3-FDSI-lab.git | J9: =IF(OR(B9="",D9="",F9="",G9="",I9=""),"Pendiente",IF(B9=D9,"Error: mismo estudiante","Completo")) -> Completo
A10: G07 | B10: E10 | C10: =IFERROR(VLOOKUP(B10,Estudiantes!$A$4:$B$23,2,FALSE),"") -> Johan Sebastián Beltrán Gutiérrez | D10: E01 | E10: =IFERROR(VLOOKUP(D10,Estudiantes!$A$4:$B$23,2,FALSE),"") -> Andrés Camilo Vivas Baquero | F10: CrowdStrike Incident Hub | G10: Blue Team | H10: =IF(G10="Red Team","Blue Team",IF(G10="Blue Team","Red Team","")) -> Red Team | I10: https://github.com/Cam1lo27/Laboratorio-3-FDSI-2026-2.git | J10: =IF(OR(B10="",D10="",F10="",G10="",I10=""),"Pendiente",IF(B10=D10,"Error: mismo estudiante","Completo")) -> Completo
A11: G08 | B11: E20 | C11: =IFERROR(VLOOKUP(B11,Estudiantes!$A$4:$B$23,2,FALSE),"") -> Tomás Quiceno Ostos | D11: E21 | E11: =IFERROR(VLOOKUP(D11,Estudiantes!$A$4:$B$23,2,FALSE),"") -> Hernán David Sánchez | F11: Ejecución remota segura | G11: Red Team | H11: =IF(G11="Red Team","Blue Team",IF(G11="Blue Team","Red Team","")) -> Blue Team | I11: Helacio/LAB3-FDSI-APP-WEB: App web para cumplir los fundmanetos de seguirdad progresivos | J11: =IF(OR(B11="",D11="",F11="",G11="",I11=""),"Pendiente",IF(B11=D11,"Error: mismo estudiante","Completo")) -> Completo
A12: G09 | B12: E16 | C12: =IFERROR(VLOOKUP(B12,Estudiantes!$A$4:$B$23,2,FALSE),"") -> Mabel Fernanda Bernal Amaya | D12: E17 | E12: =IFERROR(VLOOKUP(D12,Estudiantes!$A$4:$B$23,2,FALSE),"") -> Nicolás David Prieto Ramos | F12: Ejecución remota segura | G12: Red Team | H12: Blue Team | J12: =IF(OR(B12="",D12="",F12="",G12="",I12=""),"Pendiente",IF(B12=D12,"Error: mismo estudiante","Completo")) -> Pendiente
A13: G10 | E13: =IFERROR(VLOOKUP(D13,Estudiantes!$A$4:$B$23,2,FALSE),"") | H13: =IF(G13="Red Team","Blue Team",IF(G13="Blue Team","Red Team","")) | J13: =IF(OR(B13="",D13="",F13="",G13="",I13=""),"Pendiente",IF(B13=D13,"Error: mismo estudiante","Completo")) -> Pendiente

Sheet Resumen
A1: Resumen de selección y control de cupos
A3: Indicador | B3: Resultado | D3: Reglas de conformación
A4: Parejas completas | B4: =COUNTIF('Registro de grupos'!$J$4:$J$13,"Completo") -> 7 | D4: 1. Máximo dos integrantes por grupo.
A5: Parejas pendientes | B5: =COUNTIF('Registro de grupos'!$J$4:$J$13,"Pendiente") -> 3 | D5: 2. Cada ID solo puede aparecer una vez.
A6: CrowdStrike Incident Hub | B6: =COUNTIF('Registro de grupos'!$F$4:$F$13,"CrowdStrike Incident Hub") -> 4 | D6: 3. La pareja mantiene la temática durante los Labs 3–6.
A7: Ejecución remota segura | B7: =COUNTIF('Registro de grupos'!$F$4:$F$13,"Ejecución remota segura") -> 5 | D7: 4. Los roles Red/Blue deben rotarse en cada laboratorio.
D8: 5. El repositorio debe permitir revisar contribuciones individuales.
